{
  "total": 48633598503.76947,
  "slow_locked": 7492619163.289375,
  "slow_unlocked": 2567707699.600451,
  "pledge": 38573271640.87963,
  "community": null
}