{
  "total": 48633598503.92607,
  "slow_locked": 7492619163.289375,
  "slow_unlocked": 2567707699.7570505,
  "pledge": 38573271640.87963
}